Type,Sequence
Human,TGGGGGGACAGGATGAGAGGCTGT
Human,CTGGGAGGGGCTGGGTTTGGC
Human,TGTGGGACTGCAAATGGGAG
Human,CAAAGAGTTCAAATATCCG
Human,ACGGGGAATGCTGCCGAGAGC
Human,ATCCTAGTCACGGCACCA
Human,AGAGGCTTTGTGCGGATACGGGG
Human,ACGGCATCTTTGCACTCAGCAGGCAGGCTGGTGCAGCCCGTGGTGGGGGACCATCCTGCCTGCTGTGGGGTAAGGACGGCTGT
Human,TGTTTCTACCATACGTGCC
Human,CACTGTTTTGAGTGTGTACGGGCTTAAGTT
Human,TGTCAGCTTTAATTAGAGC
Human,TGTATTTTCAAGCAGAAAG
Human,GTGTGGCCGGCAGGCGGGTGG
Human,TAATTTTATTGGTTGATAC
Human,CTCGGCGCGGGGCGCGGGCTCC
Human,CGAGGGGTAGAAGAGCACAGGGG
Human,GCCGGACAAGAGGGAGG
Human,GGGGCTGGGCGCGCGCC
Human,GTGGGGGAGAGGCTGTC
Human,AGCAAAAGAAAATGGTAGGCG
Human,TCTGGGCGAGGGGTGGGCTCTCAGAGGGGCTGGCAGTACTGCTCTGAGGCCTGCCTCTCCCCAG
Human,TGAGCCCCTGTGCCGCCCCCAG
Human,AGGGGGGCACTGCGCAAGCAAAGCC
Human,GTGGGTGCTGGTGGGAGCCGTG
Human,GCTGCATCC
Human,TTTTAAGTCTTCTTCATTT
Human,AATGGGTGGGTGCTGGTGGGAGCCGTGCCCTGGCCACTCATTCGGCTCTCTCCCTCACCCTAG
Human,GTGGGCGGGGGCAGGTGTGTG
Human,TTCAAAGCTGAAACAATTG
Human,GGTTCCGGAGCCCCGGCGCGGGCGGGTTCTGGGGTGTAGACGCTGCTGGCCAGCCCGCCCCAGCCGAGGTTCTCGGCACC
Human,TGAGGATATGGCAGGGAAGGGGA
Human,TTATAATTATGTAAGGCAC
Human,TGATGATTCTTCCCTGCTG
Human,CTGGGGAGTGGCTGGGGAG
Human,TCACCAGGGGGCATATATC
Human,TTTTATCTCCCAGGGAAAG
Human,ACTTGCACGCGGCTCCTTC
Human,GCCCAGGACTTTGTGCGGGGTG
Human,TCCTCAGAGGTACTGGTTT
Human,ATGATTTCCTGTTTCCAGG
Human,TCGAGGACTGGTGGAAGGGCCTT
Human,TTCCACCCTTCCACACACT
Human,GGTGGGCTTCCCGGAGGG
Human,CAATTAATGGGTCAGAATG
Human,CGGGGCCGTAGCACTGTCTGAGA
Human,GGGGAGGTGTGCAGGGCTGG
Human,GAGGGTGGTGGAGGAAGAGGGCAGCTCCCATGACTGCCTGACCGCCTTCTCTCCTCCCCCAG
Human,CAAGGTACCCTGTAATTTT
Human,TCGGGCCTGGGGTTGGGGGAGC
Human,AGCAAAAGAAAATGGTAGGCG
Human,GGCTCCTTCACAGACTTTC
Human,ATGCCGGGAGCCGCCGGGGTCCTCCTCCTTCTGCTGCTCTCCGGAGGCCTCGGGGGCGTACAGGCGCAGAGGCCGCAGCAGCAGCGGCAGTCACAGGCACATCAGCAAAGAGGTTTATTCCCTGCTGTCCTGAATCTTGCTTCTAATGCTCTTATCACGACCAATGCAACATGTGGAGAAAAAGGACCTGAAATGTACTGCAAATTGGTAGAACATGTCCCTGGGCAGCCTGTGAGGAACCCGCAGTGTCGAATCTGCAATCAAAACAGCAGCAATCCAAACCAGAGACACCCGATTACAAATGCTATTGATGGAAAGAACACTTGGTGGCAGAGTCCCAGTATTAAGAATGGAATCGAATACCATTATGTGACAATTACCCTGGATTTACAGCAGGTGTTCCAGATCGCGTATGTGATTGTGAAGGCAGCTAACTCCCCCCGGCCTGGAAACTGGATTTTGGAACGCTCTCTTGATGATGTTGAATACAAGCCCTGGCAGTATCATGCTGTGACAGACACGGAGTGCCTAACGCTTTACAATATTTATCCCCGCACTGGGCCACCGTCATATGCCAAAGATGATGAGGTCATCTGCACTTCATTTTACTCCAAGATACACCCCTTAGAAAATGGAGAGATTCACATCTCTTTAATCAATGGGAGACCAAGTGCCGATGATCCTTCTCCAGAACTGCTAGAATTTACCTCCGCTCGCTATATTCGCCTGAGATTTCAGAGGATCCGCACACTGAATGCTGACTTGATGATGTTTGCTCACAAAGACCCAAGAGAAATTGACCCCATTGTCACCAGAAGATATTACTACTCGGTCAAGGATATTTCAGTTGGAGGGATGTGCATCTGCTATGGTCATGCCAGGGCTTGTCCACTTGATCCAGCGACAAATAAATCTCGCTGTGAGTGTGAGCATAACACATGTGGCGATAGCTGTGATCAGTGCTGTCCAGGATTCCATCAGAAACCCTGGAGAGCTGGAACTTTTCTAACTAAAACTGAATGTGAAGCATGCAATTGTCATGGAAAAGCTGAAGAATGCTATTATGATGAAAATGTTGCCAGAAGAAATCTGAGTTTGAATATACGTGGAAAGTACATTGGAGGGGGTGTCTGCATTAATTGTACCCAAAACACTGCTGGTATAAACTGCGAGACATGTACTGATGGCTTCTTCAGACCCAAAGGGGTATCTCCAAATTATCCAAGGCCATGCCAGCCATGTCATTGCGATCCAATTGGTTCCTTAAATGAAGTCTGTGTCAAGGATGAGAAACATGCTCGACGAGGTTTGGCACCTGGATCCTGTCATTGCAAAACTGGTTTTGGAGGTGTGAGCTGTGATCGGTGTGCCAGGGGCTACACTGGCTACCCGGACTGCAAAGCCTGTAACTGCAGTGGGTTAGGGAGCAAAAATGAGGATCCTTGTTTTGGCCCCTGTATCTGCAAGGAAAATGTTGAAGGAGGAGACTGTAGTCGTTGCAAATCCGGCTTCTTCAATTTGCAAGAGGATAATTGGAAAGGCTGCGATGAGTGTTTCTGTTCAGGGGTTTCAAACAGATGTCAGAGTTCCTACTGGACCTATGGCAAAATACAAGATATGAGTGGCTGGTATCTGACTGACCTTCCTGGCCGCATTCGAGTGGCTCCCCAGCAGGACGACTTGGACTCACCTCAGCAGATCAGCATCAGTAACGCGGAGGCCCGGCAAGCCCTGCCGCACAGCTACTACTGGAGCGCGCCGGCTCCCTATCTGGGAAACAAACTCCCAGCAGTAGGAGGACAGTTGACATTTACCATATCATATGACCTTGAAGAAGAGGAAGAAGATACAGAACGTGTTCTCCAGCTTATGATTATCTTAGAGGGTAATGACTTGAGCATCAGCACAGCCCAAGATGAGGTGTACCTGCACCCATCTGAAGAACATACTAATGTATTGTTACTTAAAGAAGAATCATTTACCATACATGGCACACATTTTCCAGTCCGTAGAAAGGAATTTATGACAGTGCTTGCGAATTTGAAGAGAGTCCTCCTACAAATCACATACAGCTTTGGGATGGATGCCATCTTCAGGTTGAGCTCTGTTAACCTTGAATCCGCTGTCTCCTATCCTACTGATGGAAGCATTGCAGCAGCTGTAGAAGTGTGTCAGTGCCCACCAGGGTATACTGGCTCCTCTTGTGAATCTTGTTGGCCTAGGCACAGGCGAGTTAACGGCACTATTTTTGGTGGCATCTGTGAGCCATGTCAGTGCTTTGGTCATGCGGAGTCCTGTGATGACGTCACTGGAGAATGCCTGAACTGTAAGGATCACACAGGTGGCCCATATTGTGATAAATGTCTTCCTGGTTTCTATGGCGAGCCTACTAAAGGAACCTCTGAAGACTGTCAACCCTGTGCCTGTCCACTCAATATCCCATCCAATAACTTTAGCCCAACGTGCCATTTAGACCGGAGTCTTGGATTGATCTGTGATGGATGCCCTGTCGGGTACACAGGACCACGCTGTGAGAGGTGTGCAGAAGGCTATTTTGGACAACCCTCTGTACCTGGAGGATCATGTCAGCCATGCCAATGCAATGACAACCTTGACTTCTCCATCCCTGGCAGCTGTGACAGCTTGTCTGGCTCCTGTCTGATATGTAAACCAGGTACAACAGGCCGGTACTGTGAGCTCTGTGCTGATGGATATTTTGGAGATGCAGTTGATGCGAAGAACTGTCAGCCCTGTCGCTGTAATGCCGGTGGCTCTTTCTCTGAGGTTTGCCACAGTCAAACTGGACAGTGTGAGTGCAGAGCCAACGTTCAGGGTCAGAGATGTGACAAATGCAAGGCTGGGACCTTTGGCCTACAATCAGCAAGGGGCTGTGTTCCCTGCAACTGCAATTCTTTTGGGTCTAAGTCATTCGACTGTGAAGAGAGTGGACAATGTTGGTGCCAACCTGGAGTCACAGGGAAGAAATGTGACCGCTGTGCCCACGGCTATTTCAACTTCCAAGAAGGAGGCTGCACAGCTTGTGAATGTTCTCATCTGGGTAATAATTGTGACCCAAAGACTGGGCGATGCATTTGCCCTCCCAATACCATTGGAGAGAAATGTTCTAAATGTGCACCCAATACCTGGGGCCACAGCATTACCACTGGTTGTAAGGCTTGTAACTGCAGCACAGTGGGATCCTTGGATTTCCAATGCAATGTAAATACAGGCCAATGCAACTGTCATCCAAAATTCTCTGGTGCAAAATGTACAGAGTGCAGTCGAGGTCACTGGAACTACCCTCGCTGCAATCTCTGTGACTGCTTCCTCCCTGGGACAGATGCCACAACCTGTGATTCAGAGACTAAAAAATGCTCCTGTAGTGATCAAACTGGGCAGTGCACTTGTAAGGTGAATGTGGAAGGCATCCACTGTGACAGATGCCGGCCTGGCAAATTCGGACTCGATGCCAAGAATCCACTTGGCTGCAGCAGCTGCTATTGCTTCGGCACTACTACCCAGTGCTCTGAAGCAAAAGGACTGATCCGGACGTGGGTGACTCTGAAGGCTGAGCAGACCATTCTACCCCTGGTAGATGAGGCTCTGCAGCACACGACCACCAAGGGCATTGTTTTTCAACATCCAGAGATTGTTGCCCACATGGACCTGATGAGAGAAGATCTCCATTTGGAACCTTTTTATTGGAAACTTCCAGAACAATTTGAAGGAAAGAAGTTGATGGCCTATGGGGGCAAACTCAAGTATGCAATCTATTTCGAGGCTCGGGAAGAAACAGGTTTCTCTACATATAATCCTCAAGTGATCATTCGAGGTGGGACACCTACTCATGCTAGAATTATCGTCAGGCATATGGCTGCTCCTCTGATTGGCCAATTGACAAGGCATGAAATTGAAATGACAGAGAAAGAATGGAAATATTATGGGGATGATCCTCGAGTCCATAGAACTGTGACCCGAGAAGACTTCTTGGATATACTATATGATATTCATTACATTCTTATCAAAGCTACTTATGGAAATTTCATGCGACAAAGCAGGATTTCTGAAATCTCAATGGAGGTAGCTGAACAAGGACGTGGAACAACAATGACTCCTCCAGCTGACTTGATTGAAAAATGTGATTGTCCCCTGGGCTATTCTGGCCTGTCCTGTGAGGCATGCTTGCCGGGATTTTATCGACTGCGTTCTCAACCAGGTGGCCGCACCCCTGGACCAACCCTGGGCACCTGTGTTCCATGTCAATGTAATGGACACAGCAGCCTGTGTGACCCTGAAACATCGATATGCCAGAATTGTCAACATCACACTGCTGGTGACTTCTGTGAACGATGTGCTCTTGGATACTATGGAATTGTCAAGGGATTGCCAAATGACTGTCAGCAATGTGCCTGCCCTCTGATTTCTTCCAGTAACAATTTCAGCCCCTCTTGTGTCGCAGAAGGACTTGACGACTACCGCTGCACGGCTTGTCCACGGGGATATGAAGGCCAGTACTGTGAAAGGTGTGCCCCTGGCTATACTGGCAGTCCAGGCAACCCTGGAGGCTCCTGCCAAGAATGTGAGTGTGATCCCTATGGCTCACTGCCTGTGCCCTGTGACCCTGTCACAGGATTCTGCACGTGCCGACCTGGAGCCACGGGAAGGAAGTGTGACGGCTGCAAGCACTGGCATGCACGCGAGGGCTGGGAGTGTGTTTTTTGTGGAGATGAGTGCACTGGCCTTCTTCTCGGTGACTTGGCTCGCCTGGAGCAGATGGTCATGAGCATCAACCTCACTGGTCCGCTGCCTGCGCCATATAAAATGCTGTATGGTCTTGAAAATATGACTCAGGAGCTAAAGCACTTGCTGTCACCTCAGCGGGCCCCAGAGAGGCTTATTCAGCTGGCAGAGGGCAATCTGAATACACTCGTGACCGAAATGAACGAGCTGCTGACCAGGGCTACCAAAGTGACAGCAGATGGCGAGCAGACCGGACAGGATGCTGAGAGGACCAACACAAGAGCAAAGTCCCTGGGAGAATTCATTAAGGAGCTTGCCCGGGATGCAGAAGCTGTAAATGAAAAAGCTATAAAACTAAATGAAACTCTAGGAACTCGAGATGAGGCCTTTGAGAGAAATTTGGAAGGGCTTCAGAAAGAGATTGACCAGATGATTAAAGAACTGAGGAGGAAAAATCTAGAGACACAAAAGGAAATTGCTGAAGATGAGTTGGTAGCTGCAGAAGCCCTTCTGAAAAAAGTGAAGAAGCTGTTTGGAGAGTCCCGGGGGGAAAATGAAGAAATGGAGAAGGATCTCCGGGAAAAACTGGCTGACTACAAAAACAAAGTTGATGATGCTTGGGACCTTTTGAGAGAAGCCACAGATAAAATCAGAGAAGCTAATCGCCTATTTGCAGTAAATCAGAAAAACATGACTGCATTGGAGAAAAAGAAGGAGGCTGTTGAAAGCGGCAAACGACAAATTGAGAACACTTTAAAAGAGGGCAATGACATACTCGATGAAGCCAACCGTCTTGCAGATGAAATCAACTCCATCATAGACTATGTTGAAGACATCCAAACTAAATTGCCACCTATGTCTGAGGAGCTTAATGATAAAATAGATGACCTCTCCCAAGAAATAAAGGACAGGAAACTTGCTGAGAAGGTGTCCCAGGCTGAGAGCCACGCAGCTCAGTTGAATGACTCATCTGCTGTCCTTGATGGAATCCTTGATGAGGCTAAAAACATCTCCTTCAATGCCACTGCAGCCTTCAAAGCCTACAGCAATATTAAGGACTATATTGATGAAGCTGAGAAAGTTGCCAAAGAAGCCAAAGATCTTGCACATGAAGCTACAAAACTGGCAACAGGTCCTCGGGGTTTATTAAAGGAAGATGCCAAAGGCTGTCTTCAGAAAAGTTTCAGGATTCTTAACGAAGCCAAGAAGTTAGCAAATGATGTAAAAGAAAATGAAGACCATCTAAATGGCTTAAAAACCAGGATAGAAAATGCTGATGCTAGAAATGGGGATCTCTTGAGAACTTTGAATGACACTTTGGGAAAGTTATCAGCTATTCCAAATGATACAGCTGCTAAACTGCAAGCTGTTAAGGACAAAGCCAGACAAGCCAACGACACAGCTAAAGATGTACTGGCACAGATTACAGAGCTCCACCAGAACCTCGATGGCCTGAAGAAGAATTACAATAAACTAGCAGACAGCGTCGCCAAAACGAATGCTGTGGTTAAAGATCCTTCCAAGAACAAAATCATTGCCGATGCAGATGCCACTGTCAAAAATTTAGAACAGGAAGCTGACCGGCTAATAGATAAACTCAAACCCATCAAGGAACTTGAGGATAACCTAAAGAAAAACATCTCTGAGATAAAGGAATTGATAAACCAAGCTCGGAAACAAGCCAATTCTATCAAAGTATCTGTGTCTTCAGGAGGTGACTGCATTCGAACATACAAACCAGAAATCAAGAAAGGAAGTTACAATAATATTGTTGTCAACGTAAAGACAGCTGTTGCTGATAACCTCCTCTTTTATCTTGGAAGTGCCAAATTTATTGACTTTCTGGCTATAGAAATGCGTAAAGGCAAAGTCAGCTTCCTCTGGGATGTTGGATCTGGAGTTGGACGTGTAGAGTACCCAGATTTGACTATTGATGACTCATATTGGTACCGTATCGTAGCATCAAGAACTGGGAGAAATGGAACTATTTCTGTGAGAGCCCTGGATGGACCCAAAGCCAGCATTGTGCCCAGCACACACCATTCGACGTCCCCTCCAGGGTACACGATTCTAGATGTGGATGCAAATGCAATGCTGTTTGTTGGTGGCCTGACTGGGAAATTAAAGAAGGCTGATGCTGTACGTGTGATTACATTCACTGGCTGCATGGGAGAAACATACTTTGACAACAAACCTATAGGTTTGTGGAATTTCCGAGAAAAAGAAGGTGACTGCAAAGGATGCACTGTCAGTCCTCAGGTGGAAGATAGTGAGGGGACTATTCAATTTGATGGAGAAGGTTATGCATTGGTCAGCCGTCCCATTCGCTGGTACCCCAACATCTCCACTGTCATGTTCAAGTTCAGAACATTTTCTTCGAGTGCCCTTCTGATGTATCTTGCCACACGAGACCTGAGAGATTTCATGAGTGTGGAGCTCACTGATGGGCACATAAAAGTCAGTTACGATCTGGGCTCAGGAATGGCTTCCGTTGTCAGCAATCAAAACCATAATGATGGGAAATGGAAATCATTCACTCTGTCAAGAATTCAAAAACAAGCCAATATATCAATTGTAGATATAGATACTAATCAGGAGGAGAATATAGCAACTTCGTCTTCTGGAAACAACTTTGGTCTTGACTTGAAAGCAGATGACAAAATATATTTTGGTGGCCTGCCAACGCTGAGAAACTTGAGTATGAAAGCAAGGCCAGAAGTAAATCTGAAGAAATATTCCGGCTGCCTCAAAGATATTGAAATTTCAAGAACTCCGTACAATATACTCAGTAGTCCCGATTATGTTGGTGTTACCAAAGGATGTTCCCTGGAGAATGTTTACACAGTTAGCTTTCCTAAGCCTGGTTTTGTGGAGCTCTCCCCTGTGCCAATTGATGTAGGAACAGAAATCAACCTGTCATTCAGCACCAAGAATGAGTCCGGCATCATTCTTTTGGGAAGTGGAGGGACACCAGCACCACCTAGGAGAAAACGAAGGCAGACTGGACAGGCCTATTATGTAATACTCCTCAACAGGGGCCGTCTGGAAGTGCATCTCTCCACAGGGGCACGAACAATGAGGAAAATTGTGATCAGACCAGAGCCGAATCTGTTTCATGATGGAAGAGAACATTCCGTTCATGTAGAGCGAACTAGAGGCATCTTTACAGTTCAAGTGGATGAAAACAGAAGATACATGCAAAACCTGACAGTTGAACAGCCTATCGAAGTTAAAAAACTTTTCGTTGGGGGTGCTCCACCTGAATTTCAACCTTCCCCACTCAGAAATATTCCTCCTTTTGAAGGCTGCATATGGAATCTTGTTATTAACTCTGTCCCCATGGACTTTGCAAGGCCTGTGTCCTTCAAAAATGCTGACATTGGTCGCTGTGCCCATCAGAAACTCCGTGAAGATGAAGATGGAGCAGCTCCAGCTGAAATAGTTATCCAGCCTGAGCCAGTTCCCACCCCAGCCTTTCCTACGCCCACCCCAGTTCTGACACATGGTCCTTGTGCTGCAGAATCAGAACCAGCTCTTTTGATAGGGAGCAAGCAGTTCGGGCTTTCAAGAAACAGTCACATTGCAATTGCATTTGATGACACCAAAGTTAAAAACCGCCTCACAATTGAGTTGGAAGTAAGAACCGAAGCTGAATCCGGCTTGCTTTTTTACATGGCTCGCATCAATCATGCTGATTTTGCAACAGTTCAGCTGAGAAATGGATTGCCCTACTTCAGCTATGACTTGGGGAGTGGGGACACCCACACCATGATCCCCACCAAAATCAATGATGGCCAGTGGCACAAGATTAAGATAATGAGAAGTAAGCAAGAAGGAATTCTTTATGTAGATGGGGCTTCCAACAGAACCATCAGTCCCAAAAAAGCCGACATCCTGGATGTCGTGGGAATGCTGTATGTTGGTGGGTTACCCATCAACTACACTACCCGAAGAATTGGTCCAGTGACCTATAGCATTGATGGCTGCGTCAGGAATCTCCACATGGCAGAGGCCCCTGCCGATCTGGAACAACCCACCTCCAGCTTCCATGTTGGGACATGTTTTGCAAATGCTCAGAGGGGAACATATTTTGACGGAACCGGTTTTGCCAAAGCAGTTGGTGGATTCAAAGTGGGATTGGACCTTCTTGTAGAATTTGAATTCCGCACAACTACAACGACTGGAGTTCTTCTGGGGATCAGTAGTCAAAAAATGGATGGAATGGGTATTGAAATGATTGATGAAAAGTTGATGTTTCATGTGGACAATGGTGCGGGCAGATTCACTGCTGTCTATGATGCTGGGGTTCCAGGGCATTTGTGTGATGGACAATGGCATAAAGTCACTGCCAACAAGATCAAACACCGCATTGAGCTCACAGTCGATGGGAACCAGGTGGAAGCCCAAAGCCCAAACCCAGCATCTACATCAGCTGACACAAATGACCCTGTGTTTGTTGGAGGCTTCCCAGATGACCTCAAGCAGTTTGGCCTAACAACCAGTATTCCGTTCCGAGGTTGCATCAGATCCCTGAAGCTCACCAAAGGCACAGGCAAGCCACTGGAGGTTAATTTTGCCAAGGCCCTGGAACTGAGGGGCGTTCAACCTGTATCATGCCCAGCCAACTCA
Human,AGACACACTCAAAATCGTGTTCA
Human,ATGGCTGCTCTAGGAGTCCAGAGTATCAACTGGCAGACGGCCTTCAACCGACAAGCGCATCACACAGACAAGTTCTCCAGCCAGGAGCTCATCTTGCGGAGAGGCCAAAACTTCCAGGTCTTAATGATCATGAACAAAGGCCTTGGCTCTAACGAAAGACTGGAGTTCATTGTCTCCACAGGGCCTTACCCCTCAGAGTCGGCCATGACGAAGGCTGTGTTTCCACTCTCCAATGGCAGTAGTGGTGGCTGGAGTGCGGTGCTTCAGGCCAGCAATGGCAATACTCTGACTATCAGCATCTCCAGTCCTGCCAGCGCACCCATAGGACGGTACACAATGGCCCTCCAGATCTTCTCCCAGGGCGGCATCTCCTCTGTGAAACTTGGGACGTTCATACTGCTTTTTAACCCCTGGCTGAATGTGGATAGCGTCTTTATGGGTAACCACGCTGAGAGAGAAGAGTATGTTCAGGAAGATGCCGGCATCATCTTTGTGGGAAGCACAAACCGAATTGGCATGATTGGCTGGAACTTTGGACAGTTTGAAGAAGACATTCTCAGCATCTGCCTCTCAATCTTGGATAGGAGTCTGAATTTCCGCCGTGACGCTGCTACTGATGTGGCCAGCAGAAATGACCCCAAATACGTTGGCCGGGTGCTGAGTGCCATGATCAATAGCAATGATGACAATGGTGTGCTTGCTGGGAATTGGAGCGGCACTTACACCGGTGGCCGGGACCCAAGGAGCTGGAACGGCAGCGTGGAGATCCTCAAAAATTGGAAAAAATCTGGCTTCAGCCCAGTCCGATATGGCCAGTGCTGGGTCTTTGCTGGGACCCTCAACACAGCGCTGCGGTCTTTGGGGATTCCTTCCCGGGTGATCACCAACTTCAACTCAGCTCATGACACAGACCGAAATCTCAGTGTGGATGTGTACTACGACCCCATGGGAAACCCCCTGGACAAGGGTAGTGATAGCGTATGGAATTTCCATGTCTGGAATGAAGGCTGGTTTGTGAGGTCTGACCTGGGCCCCTCGTACGGTGGATGGCAGGTGTTGGATGCTACCCCGCAGGAAAGAAGCCAAGGGGTGTTCCAGTGCGGCCCCGCTTCGGTCATTGGTGTTCGAGAGGGTGATGTGCAGCTGAACTTCGACATGCCCTTTATCTTCGCGGAGGTTAATGCCGACCGCATCACCTGGCTGTACGACAACACCACTGGCAAACAGTGGAAGAATTCCGTGAACAGTCACACCATTGGCAGGTACATCAGCACCAAGGCGGTGGGCAGCAATGCTCGCATGGACGTCACGGACAAGTACAAGTACCCAGAAGGCTCTGACCAGGAAAGACAAGTGTTCCAAAAGGCTTTGGGGAAACTTAAACCCAACACGCCATTTGCCGCGACGTCTT
Human,ACTGATTCCAGTAGGCAAG
Human,ATTCGTTGGTGCTTCATAAATCC
Human,TTAACAGTTTTCCACTATTTCTC
Human,ATCGTACACAAAGGAAATC
Human,ACTGGCAGCAGAGATCATCGC
Human,CAAGCGGAGTTGTTTAACC
Human,AGTCAAGGTCGGACTGGCTTAAGTT
Human,TATTTACTTGTCCAAGTAC
Human,TCAGAATGAAAAATGTTCC
Human,ATTGTGCAGTGCATCGGATT
Human,AAAGCTTCTCTCTTCAAAG
Human,GACAACGCTCATCAGCTCC
Human,CCCAGCAGGACGGGAGCG
Human,AGGCAGGGGCTGGTGCTGGGCGGG
Human,TTTGATTTGGTAATCAGTG
Human,GCTCTGGGGCGTGCCGCCGCCGTCGCTGCCACCTCCCCTACCGCTAGTGGAAGAAGATGGCGGAAGGCGGAGCGGCGGATCTGGACACCCAGCGGT
Human,TCCCTTCTTTTAATTTTTT
Human,GGCGCCTCCTGCTCTGCTGTGCCGCCAGGGCCTCCCCTAGCGCGCCTTCTGGAGAGGCTTTGTGCGGATACGGGGCTGGAGGCCT
Human,GTAGGTGACAGTCAGGGGCGG
Human,GAATCAGGTCATTCCGAAACTCA
Human,ACGGGGAATGCTGCCGAGAGC
Human,TGGGGATTTGGAGAAGTGGTGA
Human,GGATGGAGGAGGGGTCT
Human,TTGGAGGCGTGGGTTTT
Human,GAGAATGGGGGGACAGATGGAGAGGACACAGGCTGGCACTGAGGTCCCCTCCACTTTCCTCCTAG
Human,GGGGGGATGTGCATGCTGGTT
Human,CCGGGGCAGATTGGTGTAGGGTG
Human,GTTGCAGAATAACATGTCC
Human,TTCTGCTCTACGTATTTAT
Human,CTCGGGAGGGCATGGGCCAGGC
Human,TGCGGGGCTAGGGCTAACAGCA
Human,TCACAGTAAAGGCTGTAAG
Human,CGGTGAGCGCTCGCTGGC
Human,GGAGGCCGGGGTGGGGCGGGGCGG
Human,ATGCTTGTAAGAAACATCG
Human,TACCTCTGCTCTTCTGATA
Human,GGGACCCAGGGAGAGACGTAAG
Human,CCAGGGGGATGGGCGAGCTTGGG
Human,TCAACAGGCAAGGTACCCT
Human,TTGTTTAACCAGGAGTGAA
Human,ATAGTTGATCCACCCCTTC
Human,GGGGGGTGTGGAGCCAGGGGGC
Human,GGCTGGAGCGAGTGCAGTGGTG
Human,AGTGCTAGCACTTCCACCC
Human,GTGAGGCGGGGCCAGGAGGGTGTGTGGCGTGGGTGCTGCGGGGCCGTCAGGGTGCCTGCGGGACGCTCACCTGGCTGGCCCGCCCAG
Human,CAGACGAGGAACCTGAACCC
Human,GTGAACGGGCGCCATCCCGAGG
Human,TGTAGGCATGAGGCAGGGCCCAGG
Human,ATGGTACATTTGACTCCAGAAGAAAAGTCCGCCGTAACAGCATTATGGGGTAAAGTAAACGTAGACGAAGTTGGTGGTGAAGCCTTAGGTAGATTGTTAGTTGTCTATCCATGGACCCAAAGATTTTTCGAATCTTTTGGTGACTTGTCTACTCCAGACGCCGTAATGGGTAATCCTAAAGTTAAGGCTCATGGTAAAAAGGTTTTGGGTGCTTTTTCCGATGGTTTGGCACACTTAGACAACTTGAAAGGTACTTTCGCAACATTGTCTGAATTGCATTGTGATAAGTTACACGTTGATCCTGAAAACTTCAGATTGTTGGGTAACGTATTAGTTTGCGTCTTGGCTCATCACTTTGGTAAAGAATTCACTCCACCTGTTCAAGCAGCCTATCAAAAGGTTGTCGCAGGTGTTGCTAACGCATTGGCACATAAGTATCACTGA
Human,GGCCACACAAGGAAGCTGCA
Human,GGCGGCGGGGAGGTAGGCAG
Human,GGGAGAAGGGTCGGGGC
Human,TGTTTATCTGGTCTGTGGT
Human,CAGCCTTAGCGAGGCGCCCTG
Human,CCCTCAATGGCATTGATTG
Human,CACCTGCACTCGGTGCTT
Human,AAAAAAACAGCCAAGCATCTTTC
Human,AAGGCTGTAAGATATAAGC
Human,TTTCGTACGCCACCATGAAACACCTGTGGTTCTTC
Human,CCTGAGCCCGGGCCGCGCAG
Human,GCTTGTAGCTGGCACATGC
Human,CTCGGGGCAGGCGGCTGGGAGCG
Human,CGGGCCGGAGGTCAAGGGCGT
Human,TGCATTTGCCCACAATCAG
Human,CCTCCCAAGGAAATTCTTG
Human,GTGCGTGGTGGCTCGAGGCGGGG
Human,AGACTTTCTGAATTTTGAT
Human,GTTGAGTCATGTGTACTCTG
Human,TGGTGGAGGAAGAGGGCAGCTC
Human,CACTTCACTGGGCACTCATTCAT
Human,TAGGGATGGGAGGCCAGGATGA
Human,GATGTCCATACTCAAGCGG
Human,GGGGCTGTGATTGACCAGCAGG
Human,TTGGTCCAGTCGGACTGG
Human,ATGTGGCAGCTGCTCCTCCCAACTGCTCTGCTACTTCTAGTTTCAGCTGGCATGCGGACTGAAGATCTCCCAAAGGCTGTGGTGTTCCTGGAGCCTCAATGGTACAGCGTGCTTGAGAAGGACAGTGTGACTCTGAAGTGCCAGGGAGCCTACTCCCCTGAGGACAATTCCACACAGTGGTTTCACAATGAGAGCCTCATCTCAAGCCAGGCCTCGAGCTACTTCATTGACGCTGCCACAGTCAACGACAGTGGAGAGTACAGGTGCCAGACAAACCTCTCCACCCTCAGTGACCCGGTGCAGCTAGAAGTCCATATCGGCTGGCTGTTGCTCCAGGCCCCTCGGTGGGTGTTCAAGGAGGAAGACCCTATTCACCTGAGGTGTCACAGCTGGAAGAACACTGCTCTGCATAAGGTCACATATTTACAGAATGGCAAAGACAGGAAGTATTTTCATCATAATTCTGACTTCCACATTCCAAAAGCCACACTCAAAGATAGCGGCTCCTACTTCTGCAGGGGGCTTGTTGGGAGTAAAAATGTGTCTTCAGAGACTGTGAACATCACCATCACTCAAGGTTTGGCAGTGTCAACCATCTCATCATTCTCTCCACCTGGGTACCAAGTCTCTTTCTGCTTGGTGATGGTACTCCTTTTTGCAGTGGACACAGGACTATATTTCTCTGTGAAGACAAACATTTGA
Human,AACGAAACTGTGGGTGAGT
Human,TGGGGAGCTGAGGCTCTGGGGGTG
Human,GAACGCCTGTTCTTGCCAGGTGG
Human,CGGGCGTGGTGGTGGGGGTG
Human,TGAGTGGGGCTCCCGGGACGGCG
Human,CGGGCTGTCCGGAGGGGTCGGCT
Human,AATTCTTCCACAGCAGAGCATTC
Human,TGTAAGAGTAGTCAGCATT
Human,ATCGCGCCTGGATGTCAACG
Human,AAGACTCATATGAGATTTTTGAA
Human,AGGCACACAGGCAAAATCAAGTTCTACATCTGTCCCTGTGTATGTCACTTGTTTGAATACGAAATAAAATTAAAAAAATAAATTCAGTGTATTGAGAAAGCAAGCAATTCTCTCAAGGTATATTTCTGACATACTAAGATTTTAACGACTTTCACAAATATGCTGTACTGAGAGAGAATGTTACATAACATTGAGAACTAGTACAAGTAAATATTAAAGTGAAGTGACCATTTCCTACACAAGCTCATTCAGAGGAGGATGAAGACCATTTTGGAGGAAGAAAAGCACCCTTATTAAGAATTGCAGCAAGTAAGCCAACAAGGTCTTTTCAGGATGATTTTCTTATATCAAGTGGTACATTTCATTTTATTTACTTCAGTTTCTGGTGAATGTGTGACTCAGTTGTTGAAGGACACCTGCTTTGAAGGAGGGGACATTACTACGGTCTTCACACCAAGCGCCAAGTACTGCCAGGTAGTCTGCACTTACCACCCAAGATGTTTACTCTTCACTTTCACGGCGGAATCACCATCTGAGGATCCCACCCGATGGTTTACTTGTGTCCTGAAAGACAGTGTTACAGAAACACTGCCAAGAGTGAATAGGACAGCAGCGATTTCTGGGTATTCTTTCAAGCAATGCTCACACCAAATAAGCGCTTGCAACAAAGACATTTATGTGGACCTAGACATGAAGGGCATAAACTATAACAGCTCAGTTGCCAAGAGTGCTCAAGAATGCCAAGAAAGATGCACGGATGACGTCCACTGCCACTTTTTCACGTACGCCACAAGGCAGTTTCCCAGCCTGGAGCATCGTAACATTTGTCTACTGAAGCACACCCAAACAGGGACACCAACCAGAATAACGAAGCTCGATAAAGTGGTGTCTGGATTTTCACTGAAATCCTGTGCACTTTCTAATCTGGCTTGTATTAGGGACATTTTCCCTAATACGGTGTTTGCAGACAGCAACATCGACAGTGTCATGGCTCCCGATGCTTTTGTCTGTGGCCGAATCTGCACTCATCATCCCGGTTGCTTGTTTTTTACCTTCTTTTCCCAGGAATGGCCCAAAGAATCTCAAAGAAATCTTTGTCTCCTTAAAACATCTGAGAGTGGATTGCCCAGTACACGCATTAAAAAGAGCAAAGCTCTTTCTGGTTTCAGTCTACAAAGCTGCAGGCACAGCATCCCAGTGTTCTGCCATTCTTCATTTTACCATGACACTGATTTCTTGGGAGAAGAACTGGATATTGTTGCTGCAAAAAGTCACGAGGCCTGCCAGAAACTGTGCACCAATGCCGTCCGCTGCCAGTTTTTTACCTATACCCCAGCCCAAGCATCCTGCAACGAAGGGAAGGGCAAGTGTTACTTAAAGCTTTCTTCAAACGGATCTCCAACTAAAATACTTCACGGGAGAGGAGGCATCTCTGGATACACATTAAGGTTGTGTAAAATGGATAATGAGTGTACCACCAAAATCAAGCCCAGGATCGTTGGAGGAACTGCGTCTGTTCGTGGTGAGTGGCCGTGGCAGGTGACCCTGCACACAACCTCACCCACTCAGAGACACCTGTGTGGAGGCTCCATCATTGGAAACCAGTGGATATTAACAGCCGCTCACTGTTTCTATGGGGTAGAGTCACCTAAGATTTTGCGTGTCTACAGTGGCATTTTAAATCAATCTGAAATAAAAGAGGACACATCTTTCTTTGGGGTTCAAGAAATAATAATCCATGATCAGTATAAAATGGCAGAAAGCGGGTATGATATTGCCTTGTTGAAACTGGAAACCACAGTGAATTACACAGATTCTCAACGACCCATATGCCTGCCTTCCAAAGGAGATAGAAATGTAATATACACTGATTGCTGGGTGACTGGATGGGGGTACAGAAAACTAAGAGACAAAATACAAAATACTCTCCAGAAAGCCAAGATACCCTTAGTGACCAACGAAGAGTGCCAGAAGAGATACAGAGGACATAAAATAACCCATAAGATGATCTGTGCCGGCTACAGGGAAGGAGGGAAGGACGCTTGCAAGGGAGATTCGGGAGGCCCTCTGTCCTGCAAACACAATGAGGTCTGGCATCTGGTAGGCATCACGAGCTGGGGCGAAGGCTGTGCTCAAAGGGAGCGGCCAGGTGTTTACACCAACGTGGTCGAGTACGTGGACTGGATTCTGGAGAAAACTCAAGCAGTGTGAATGGGTTCCCAGGGGCCATTGGAGTCCCTGAAGGACCCAGGATTTGCTGGGAGAGGGTGTTGAGTTCACTGTGCCAGCATGCTTCCTCCACAGTAACACGCTGAAGGGGCTTGGTGTTTGTAAGAAAATGCTAGAAGAAAACAAACTGTCACAAGTTGTTATGTCCAAAACTCCCGTTCTATGATCGTTGTAGTTTGTTTGAGCATTCAGTCTCTTTGTTTTTGATCACGCTTCTATGGAGTCCAAGAATTACCATAAGGCAATATTTCTGAAGATTACTATATAGGCAGATATAGCAGAAAATAACCAAGTAGTGGCAGTGGGGATCAGGCAGAAGAACTGGTAAAAGAAGCCACCATAAATAGATTTGTTCGATGAAAGATGAAAACTGGAAGAAAGGAGAACAAAGACAGTCTTCACCATTTTGCAGGAATCTACACTCTGCCTATGTGAACACATTTCTTTTGTAAAGAAAGAAATTGATTGCATTTAATGGCAGATTTTCAGAATAGTCAGGAATTCTTGTCATTTCCATTTTAAAATATATATTAAAAAAAATCAGTTCGAGTAGACACGAGCTAAGAGTGAATGTGAAGATAACAGAATTTCTGTGTGGAAGAGGATTACAAGCAGCAATTTACCTGGAAGTGATACCTTAGGGGCAATCTTGAAGATACACTTTCCTGAAAAATGATTTGTGATGGATTGTATATTTATTTAAAATATCTTGGGAGGGGAGGCTGATGGAGATAGGGAGCATGCTCAAACCTCCCTAAGACAAGCTGCTGCTGTGACTATGGGCTCCCAAAGAGCTAGATCGTATATTTATTTGACAAAAATCACCATAGACTGCATCCATACTACAGAGAAAAAACAATTAGGGCGCAAATGGATAGTTACAGTAAAGTCTTCAGCAAGCAGCTGCCTGTATTCTAAGCACTGGGATTTTCTGTTTCGTGCAAATATTTATCTCATTATTGTTGTGATCTAGTTCAATAACCTAGAATTTGAATTGTCACCACATAGCTTTCAATCTGTGCCAACAACTATACAATTCATCAAGTGTG
Human,CAGCACTCTCGCTGACCGCA
Human,ATGGCATTGATTGTGTCCT
Human,GAGCCAGTTGGACAGGAGC
Human,CAAGGGCTTTTAAGTCTTC
Human,CTGGTTTCACCTATAGTTTGCATTCAGAATTCGGCGCCTTT
Human,CACACAGGAAAAGCGGGGCCCTG
Human,ACGGGGAATGCTGCCGAGAGC
Human,ACCTTGCCTTGCTGCCCGGGCC
Human,TTTCTTCAGTTTCTGCTTT
Human,TGGTACACTGTTTATCTGG
Human,ATTCTCAACTAGCCACAAT
Human,TACTGGTTTTGTGAACTAC
Human,CTTGGTCAATAGGAAAGAGGTGGGACCTCCTGGCTTTTCCTCTGCAGCATGGCTCGGACCTAGTGCAATGTTTAAGCTCCCCTCTCTTTCCTGTTCAG
Human,GGATGGTTGGGGGCGGTCGGCGT
Human,ATGGCCAATGTAAAGGTGC
Human,TGAAGATTGTCTTTCCAAA
Human,GTTGTCCCCTCTCACAATCTTCGAATTT
Human,CCCATGCCTCCTGCCGCGGTC
Human,GGGGGTCCCCGGTGCTCGGATC
Human,ATCCCACCTCTGCCACCA
Human,AGCAAAAGAAAATGGTAGGCG
Human,TTTGTCGACACCATGGAAGCCCCAGCTC
Human,CAGAGAAGGAGGAAGTTAATTCACATTCTTAATTTTTTCTAAGGGCAAAAAAAAAAAAAAAATGCACCAGCTCATTTTCCATCTCTGCTTGGGTCATCAGTGTGCATTGTGAGCCTGTACAAAGGCCTTAGACGGGGAATGCTGCCGAGAGCATCACCTTTTATGTCTTCTTTTATATGAAATGTGCCACTTCCCCACTAACCCTGGCTCTGGGCTCTGCCTCTGCTCTCCTGATGGTGTGTTTATGGTGGATTCAGCATTCTGGGCCACACAAGGAAGCTGCAGGGGGTGTCCAAGTTCACATGTCCCCGCATTCCAGGCGAATGTTTCTGACATTGAGCAATGATATGGCTCT
Human,GTACAGAGCTGTCTTTATG
Human,CGGGGTGGGTGAGGTCGGGC
Human,ATGATCAGAGCAGTTCAACCAGG
Human,TCGGGGAGTCTGGGGTCCGGAAT
Human,AGACACATTTGGAGAGGGACCC
Human,CTCCTGGGGCCCGCACTCTCGC
Human,ACAGGAGTGGGGGTGGGACAT
Human,GTGAGTGGGAGCCGGTGGGGCTG
Human,AGGATCCAGATGATGATTC
Human,GTGTCTGTGCCGGTCCCAGGAGAACCTGCAGAGGCATCGGGTCAGCGGTGCTCCTGCGGGCCGACACTCAC
Human,AAGCCACCTCCATACCTCT
Human,ATCCAGTTCTCTGAGGGGGCT
Human,GGAGGGGTCCCGCACTGGGAGG
Human,AGAAGAAGGCGGTCGGTCTGCGG
Human,AAAGCAAAAGCTGTTAACC
Human,TTCAGACTGGTGAGTAAAG
Human,TCCACACACTGTAAGAGTA
Human,AAAGTGGCAGGACTGAGAA
Human,ATAGGCAGTTGTTTCTACC
Human,CGCGCCGGGCCCGGGTT
Human,CTCTACTGGCCTCCCAAGG
Human,GGAGGAACCTTGGAGCTTCGGC
Human,TGTGCAGTGGGAAGGGGGGCCGATACACTGTACGAGAGTGAGTAGCAGGTCTCACAGTGAACCGGTCTCTTTCCCTACTGTGTC
Human,TTTCCAAAAACGATAAATG
Human,TTTGTCGACACCATGGACATGAGGGTCCTCC
Human,CCCCTGGGGCTGGGCAGGCGGA
Human,TTAGGATATTGATGCCTTC
Human,ACTCAAACTGTGGGGGCACT
Human,TGTAAAGGTGCTCTGGGCT
Human,AGGAACAGGATGTTACAACT
Human,TGCAGGGGTCGGGTGGGCCAGG
Human,TACTATGCGTTTGTAATCA
Human,GCTTCTACACACTTGCACG
Human,TTGTTACATGTACTGTAGC
Human,TGGGGAGCGGCCCCCGGGTGGG
Human,AGCTGATGGTATCCACTAGG
Human,CTCCGGGACGGCTGGGC
Human,ACGCAGAAATGGCCAATGT
Human,TGTCATTTTATAATTATGT
Human,TGGCAGGGAGGCTGGGAGGGG
Human,ATGTCCATCACCGCATGAG
Human,AGACTGACGGCTGGAGGCCCAT
Human,TCAAAATCAGGAGTCGGGGCTT
Human,TTGGTTGATACTGTGAATT
Human,GAGGCACTGGGTAGGTGGGGCTCCAGGGCTCCTGACACCTGGACCTCTCCTCCCCAGGCCCACA
Human,CCAGGAGTGAATATTCCGT
Human,ATCACCGCATGAGAGGATC
Human,ATTGAGAAGCACCTCTACT
Human,AAACAATTGAACGAAACTG
Human,GCAGCCCGGTGAGCGCTCGCTGGCCTGGCAGTGCGTCGGAAGAACAGGGCGGGTGGGGCCGCGCACATCTCTGC
Human,ATGACTATGGAGACCCAAATGTCTCAGAATGTATGTCCCAGAAACCTGTGGCTGCTTCAACCATTGACAGTTTTGCTGCTGCTGGCTTCTGCAGACAGTCAAGCTGCTCCCCCAAAGGCTGTGCTGAAACTTGAGCCCCCGTGGATCAACGTGCTCCAGGAGGACTCTGTGACTCTGACATGCCAGGGGGCTCGCAGCCCTGAGAGCGACTCCATTCAGTGGTTCCACAATGGGAATCTCATTCCCACCCACACGCAGCCCAGCTACAGGTTCAAGGCCAACAACAATGACAGCGGGGAGTACACGTGCCAGACTGGCCAGACCAGCCTCAGCGACCCTGTGCATCTGACTGTGCTTTCCGAATGGCTGGTGCTCCAGACCCCTCACCTGGAGTTCCAGGAGGGAGAAACCATCATGCTGAGGTGCCACAGCTGGAAGGACAAGCCTCTGGTCAAGGTCACATTCTTCCAGAATGGAAAATCCCAGAAATTCTCCCATTTGGATCCCACCTTCTCCATCCCACAAGCAAACCACAGTCACAGTGGTGATTACCACTGCACAGGAAACATAGGCTACACGCTGTTCTCATCCAAGCCTGTGACCATCACTGTCCAAGTGCCCAGCATGGGCAGCTCTTCACCAATGGGGGTCATTGTGGCTGTGGTCATTGCGACTGCTGTAGCAGCCATTGTTGCTGCTGTAGTGGCCTTGATCTACTGCAGGAAAAAGCGGATTTCAGCCAATTCCACTGATCCTGTGAAGGCTGCCCAATTTGAGCCACCTGGACGTCAAATGATTGCCATCAGAAAGAGACAACTTGAAGAAACCAACAATGACTATGAAACAGCTGACGGCGGCTACATGACTCTGAACCCCAGGGCACCTACTGACGATGATAAAAACATCTACCTGACTCTTCCTCCCAACGACCATGTCAACAGTAATAACTAA
Human,GGGACCATCCTGCCTGCTGTGG
Human,TTTCGTACGCCACCATGGACTGGACCTGGAGCATC
Human,TTGAATTTTGGTTCTGCTC
Human,CGGGGGCGGGGCCGAAGCGCG
Human,ATGGAAGCCCCAGCTCAGCTTCTCTTCCTCCTGCTACTCTGGCTCCCAGATACCACCGGAGAAATTGTGTTGACACAGTCTCCAGCCACCCTGTCTTTGTCTCCAGGGGAAAGAGCCACCCTCTCCTGCAGGGCCAGTCAGAGTGTTAGCAGCTACTTAGCCTGGTACCAACAGAAACCTGGCCAGGCTCCCAGGCTCCTCATCTATGATGCATCCAACAGGGCCACTGGCATCCCAGCCAGGTTCAGTGGCAGTGGGTCTGGGACAGACTTCACTCTCACCATCAGCAGCCTAGAGCCTGAAGATTTTGCAGTTTATTACTGTCAGCAGCGTAGCAACTGGCCTCCATTCACTTTCGGCCCTGGGACCAAAGTGGATATCAAACGT
Human,CAGAAGGGGAGTTGGGAGCAGA
Human,CAGGAGGCAGTGGGCGAGCAGG
Human,AGGGAAAGAGCATACGCAG
Human,GAGGCTGAAGGAAGATGG
Human,TTCAATATCCTGAGTATCG
Human,CAGGGCAGGGAAGGTGGGAGAG
Human,ACGCCCCCCGCCCCGCCACCGCCTTGGAGGCTGACCTCTTACTTTCGGTCGGTCTTCTTCCCTGGGCTTGGTTTGGGGGCGGGGGAGTGTC
Human,GCTGGAAACCTTGCACCTCGG
Human,GGGTGGGGATTTGTTGCATTAC
Human,TTTAATTAGAGCTGTGTCG
Human,TGGGCTGGCAGTGTATTTT
Human,AGCGGTGCTCCTGCGGGCCGA
Human,GGCTCCTTGGTCTAGGGGTA
Human,GAGGGCAGCGTGGGTGTGGCGGA
Human,GAGTTGGGAGGTTCCCTCTCCAAATGTGTCTTGATCCCCCACCCCAAGACACATTTGGAGAGGGACCCTCCCAACTC
Human,TGGGGAAGGCTTGGCAGGGAAGA
Human,CTGCTGCCAGTAGAGGGCACA
Human,CTCTGCACTCCCTTTGGGG
Human,ATGGTCCCTCCCAATCCAGCCATTCCTCAGACCAGGTGGCTCCCGAGCCACCCCAGGCTGTAGGATGGGGGTGAGAGGTGCTAG
Human,TCAGGGAGTCAGGGGAGGGC
Human,AGCCCGCCCCAGCCGAGGTTCT
Human,GAAAAACATAGAATACTGG
Human,ATACGTGCCGTACCAGTGT
Human,TTTGTAATCAGAGTTTCCG
Human,GGATCCGAGTCACGGCACCA
Human,ACGCGGGGAGCAACCAATCGC
Human,TCTGTGGAGTGGGGTGCCTGT
Human,TAGGGGTGGGGGAATTCAGGGGTGT
Human,TGAATTTTGATATTGGAAG
Human,TATAAAACATGGTACACTG
Human,GGGGGCAGGAGCAGGAGCGTC
Human,AACACAGTTCAGCCGAGCGCT
Human,GGGGGCCGATACACTGTACGAGA
Human,AACATCATGAGCACTATCAATGG
Human,TCTGCTTTTCAATTAATGG
Human,CGGCGACGGCGGGGTGGGTGAGGTCGGGCCCCAAGACTCGGGGTTTGCCGGGCGCCTCAGTTCACCGCGGCCG
Human,TCCTACTCTCAATGATACTTTTC
Human,ACTCACAGGACAAGGATGCGG
Human,TCCATTATCTAATTGATAA
Human,GTCTTTCCCATATAACAATGATT
Human,CCCCGGGGAGCCCGGCG
Human,CTCTGTAGTGGGATGCTTC
Human,TGTTCTCTCGGGCTTCAAC
Human,CGGGAGCTGGGGTCTGCAGGT
Human,TGCCAAATCCTGTACTGAC
Human,TTCGTACACTGTGAAAGTG
Human,GCAAGGGACAGGGAGGGTCGTGGCGACACTCGCGCCAGCTCCCGGGACGGCTGGGCTCGGGCTGGTCGCCGACCTCCGACCCTCCACTAGATGCCTGGC
Human,AGAGTGGAGGAAAGAAGGGTA
Human,CTGGGCTCGGGACGCGCGGCT
Human,TGGGGCGGAGCTTCCGGAG
Human,TGGTGGCGGCGGTAGTTATGGGCTTCTCTTTCTCACCAGCAGCCCCTGGGCCGCCGCCTCCCT
Human,AGAATCCCTTGGGGTAGCAA
Human,TGGGAGGGCGTGGATGATGGTG
Human,TGGGAGGGGAGAGGCAGCAAGCA
Human,GTAAACAGTAATAGCGCAGCA
Human,TAGAATTGAACATTCAAAAACCC
Human,ATATAAGCTGTTCTCTCGG
Human,ATGGGAATCCTGTCATTCTTACCTGTCCTTGCCACTGAGAGTGACTGGGCTGACTGCAAGTCCCCCCAGCCTTGGGGTCATATGCTTCTGTGGACAGCTGTGCTATTCCTGGCTCCTGTTGCTGGGACACCTGCAGCTCCCCCAAAGGCTGTGCTGAAACTCGAGCCCCAGTGGATCAACGTGCTCCAGGAGGACTCTGTGACTCTGACATGCCGGGGGACTCACAGCCCTGAGAGCGACTCCATTCAGTGGTTCCACAATGGGAATCTCATTCCCACCCACACGCAGCCCAGCTACAGGTTCAAGGCCAACAACAATGACAGCGGGGAGTACACGTGCCAGACTGGCCAGACCAGCCTCAGCGACCCTGTGCATCTGACTGTGCTTTCTGAGTGGCTGGTGCTCCAGACCCCTCACCTGGAGTTCCAGGAGGGAGAAACCATCGTGCTGAGGTGCCACAGCTGGAAGGACAAGCCTCTGGTCAAGGTCACATTCTTCCAGAATGGAAAATCCAAGAAATTTTCCCGTTCGGATCCCAACTTCTCCATCCCACAAGCAAACCACAGTCACAGTGGTGATTACCACTGCACAGGAAACATAGGCTACACGCTGTACTCATCCAAGCCTGTGACCATCACTGTCCAAGCTCCCAGCTCTTCACCGATGGGGATCATTGTGGCTGTGGTCACTGGGATTGCTGTAGCGGCCATTGTTGCTGCTGTAGTGGCCTTGATCTACTGCAGGAAAAAGCGGATTTCAGCCAATCCCACTAATCCTGATGAGGCTGACAAAGTTGGGGCTGAGAACACAATCACCTATTCACTTCTCATGCACCCGGATGCTCTGGAAGAGCCTGATGACCAGAACCGTATTTAG
Human,GCGGAAGGCGGAGCGGCGGA
Human,TGGGTTAACATAATTTATA
Human,CCCCAGGGCGACGCGGCGGG
Human,CTGGGAGAGGGTTGTTTACTCC
Human,TAGACGGGGAATGCTGCCGAG
Human,TGAGGTCATCATTGAGAAG
Human,GTAAGAAACATCGATGTCC
Human,GGCTTAGAAACAGTCCCTAGGTAGGATTTGGGGAGGAGCTAAGAAGCCCCTACAGGGCCCAGAGGTGGGGACTGAGCCTTAGTTGG
Human,GGTGGGGGTTGGAGGCGTGGGTTTTAGAACCTATCCCTTTCTAGCCCTGAGCA
Human,ATTGATAATTCTCAACTAG
Human,TCATCCCTGGGTGGGGATTTGTTGCATTACTTGTGTTCTATATAAAGTATTGCACTTGTCCCGGCCTGTGGAAGA
Human,AGGTGGGTTAGGATATTGA
Human,TCAATAGGAAAGAGGTGGGACCT
Human,GGGGCCACTAGGGACAGGAT
Human,AATTCTTGTCTGTCATTTT
Human,AGAGATGAAGCGGGGGGGCG
Human,AGCGGGGAGGAAGTGGGCGCTGCTT
Human,AGGACTGAGAAACCCAACT
Human,TGTGGGTGAGTTTTATCTC
Human,GGCAGGATCTCTCTTGATCTAGA
Human,GAGTCGAGGACTGGTGGAAGGGCCTTTCCCCTCAGACCAAGGCCCTGGCCCCAGCTTCTTCTC
Human,CGTGTGAGCCCGCCCTGTGCCCGGCCCACTTCTGCTTCCTCTTAGCGCAGGAGGGGTCCCGCACTGGGAGGGGCCCTCAC
Human,CTTCACTGGGCACTCATTCATCT
Human,CCCGGAGCCAGGATGCAGCTC
Human,ATTGGAAGTGCTATAAAAC
Human,GGTACCTTGAGGACAACATCAAC
Human,AGTAAAGCATAGGCAGTTG
Human,TGGGCGAGGGGTGGGCTCTCAGAG
Human,TGGGTGGATTACCTTTAAC
Human,TTTCCGTAGCCTCTGTAGT
Human,TGATTGGAATGCAACCCGAA
Human,ACAGGTGAGGTTCTTGGGAGCC
Human,ATCAGCTCCGCCTCTGCAC
Human,GGGGAGCTGTGGAAGCAGTA
Human,TGGGGAGGTGTGGAGTCAGCAT
Human,TGGGCTGAGGGCAGGAGGCCTGT
Human,GGGGCGCGGCCGGATCG
Human,GGCGGTAGACTACTCGTC
Human,CGTGGAGGACGAGGAGGAGGC
Human,CATCTCCAGAGACAATTCCAAGAACACGCTGTATC
Human,GAGGTGGGAGGATTGCTTGAGTCAGGGTGGTTGAGGCTGCAGTAAGTTGTGATCATACCACTGCACTCCAGCCTGAGTGACAGAGCAAGACCTTGTCTCA
Human,GGTGGCCCGGCCGTGCCTGAGG
Human,CCCCGCCACCGCCTTGG
Human,GTCAAACAGTACTGCTACGG
Human,TGGGGGTGTGGGGAGAGAGAG
Human,ACTCAGCCGGGCAGCCGAGCA
Human,ATGGGGTTTGGGCTGAGCTGGGTTTTCCTCGTTGCTCTTTTAAGAGGTGTCCAGTGTCAGGTGCAGCTGGTGGAGTCTGGGGGAGGCGTGGTCCAGCCTGGGAGGTCCCTGAGACTCTCCTGTGCAGCCTCTGGTTCACCTTCAGTAGCTATGCTATGCACTGGGTCCGCCAGGCTCCGGCAAGGGGCTGGAGTGGGTGGCAGTTATATCATATGATGGAAAATAAATACTACGCAGACTCCGTGAAGGGCCGATTCACCATCTAGAGACAATTCCAAGAACACGCTGTATCTGCAAATGAACAGCCAGAGCTGAGGACACGGCTGTGTATTACTGTGCGAGAGATCGAGGTATATCAGCAGGTGGAATACTACTACTACTACGGTATGGACGTCTGGGGGCAAGGGACCACGGTCACCGTCTCCTCA
Human,TTGAGGAGACATGGTGGGGGCC
Human,TTTCGTACGCCACCATGGAGTTTGGGCTGAGCATG
Human,AACGATAAATGGGTGGATT
Human,TTTCGTACGCCACCATGGGGTCAACCGCCATCCTC
Human,TCAGCATTTCTGTAGGACA
Human,TTTAACCAAAGCTTCTCTC
Human,ATCCACCCCTTCCACAAGG
Human,ATGGCTGCTCTAGGAGTCCAGAGTATCAACTGGCAGACGGCCTTCAACCGACAAGCGCATCACACAGACAAGTTCTCCAGCCAGGAGCTCATCTTGCGGAGAGGCCAAAACTTCCAGGTCTTAATGATCATGAACAAAGGCCTTGGCTCTAACGAAAGACTGGAGTTCATTGTCTCCACAGGGCCTTACCCCTCAGAGTCGGCCATGACGAAGGCTGTGTTTCCACTCTCCAATGGCAGTAGTGGTGGCTGGAGTGCGGTGCTTCAGGCCAGCAATGGCAATACTCTGACTATCAGCATCTCCAGTCCTGCCAGCGCACCCATAGGACGGTACACAATGGCCCTCCAGATCTTCTCCCAGGGCGGCATCTCCTCTGTGAAACTTGGGACGTTCATACTGCTTTTTAACCCCTGGCTGAATGTGGATAGCGTCTTTATGGGTAACCACGCTGAGAGAGAAGAGTATGTTCAGGAAGATGCCGGCATCATCTTTGTGGGAAGCACAAACCGAATTGGCATGATTGGCTGGAACTTTGGACAGTTTGAAGAAGACATTCTCAGCATCTGCCTCTCAATCTTGGATAGGAGTCTGAATTTCCGCCGTGACGCTGCTACTGATGTGGCCAGCAGAAATGACCCCAAATACGTTGGCCGGGTGCTGAGTGCCATGATCAATAGCAATGATGACAATGGTGTGCTTGCTGGGAATTGGAGCGGCACTTACACCGGTGGCCGGGACCCAAGGAGCTGGAACGGCAGCGTGGAGATCCTCAAAAATTGGAAAAAATCTGGCTTCAGCCCAGTCCGATATGGCCAGTGCTGGGTCTTTGCTGGGACCCTCAACACAGCGCTGCGGTCTTTGGGGATTCCTTCCCGGGTGATCACCAACTTCAACTCAGCTCATGACACAGACCGAAATCTCAGTGTGGATGTGTACTACGACCCCATGGGAAACCCCCTGGACAAGGGTAGTGATAGCGTATGGAATTTCCATGTCTGGAATGAAGGCTGGTTTGTGAGGTCTGACCTGGGCCCCTCGTACGGTGGATGGCAGGTGTTGGATGCTACCCCGCAGGAAAGAAGCCAAGGGGTGTTCCAGTGCGGCCCCGCTTCGGTCATTGGTGTTCGAGAGGGTGATGTGCAGCTGAACTTCGACATGCCCTTTATCTTCGCGGAGGTTAATGCCGACCGCATCACCTGGCTGTACGACAACACCACTGGCAAACAGTGGAAGAATTCCGTGAACAGTCACACCATTGGCAGGTACATCAGCACCAAGGCGGTGGGCAGCAATGCTCGCATGGACGTCACGGACAAGTACAAGTACCCAGAAGGCTCTGACCAGGAAAGACAAGTGTTCCAAAAGGCTTTGGGGAAACTTAAACCCAACACGCCATTTGCCGCGACGTCTTCAATGGGTTTGGAAACAGAGGAACAGGAGCCCAGCATCATCGGGAAGCTGAAGGTCGCTGGCATGCTGGCAGTAGGCAAAGAAGTCAACCTGGTCCTACTGCTCAAAAACCTGAGCAGGGATACGAAGACAGTGACAGTGAACATGACAGCCTGGACCATCATCTACAACGGCACGCTTGTACATGAAGTGTGGAAGGACTCTGCCACAATGTCCCTGGACCCTGAGGAAGAGGCAGAACATCCCATAAAGATCTCGTACGCTCAGTATGAGAAGTACCTGAAGTCAGACAACATGATCCGGATCACAGCGGTGTGCAAGGTCCCAGATGAGTCTGAGGTGGTGGTGGAGCGGGACATCATCCTGGACAACCCCACCTTGACCCTGGAGGTGCTGAACGAGGCTCGTGTGCGGAAGCCTGTGAACGTGCAGATGCTCTTCTCCAATCCACTGGATGAGCCGGTGAGGGACTGCGTGCTGATGGTGGAGGGAAGCGGCCTGCTGTTGGGTAACCTGAAGATCGACGTGCCGACCCTAGGGCCCAAGGAGGGGTCCCGGGTCCGTTTTGATATCCTGCCCTCCCGGAGTGGCACCAAGCAACTGCTCGCCGACTTCTCCTGCAACAAGTTCCCTGCAATCAAGGCCATGTTGTCCATCGATGTAGCCGAATGA
Human,CATAATCAGAATTCCTCAAATGA
Human,ATTGATCTGGAAAATACTTGTTT
Human,GTGGGATGCTTCAATATCC
Human,GGAGGCGCAGGCTCGGAAAGGCG
Human,TTGATCTCGGAAGCTAAGC
Human,GTTGAATAAAAGCCACCTC
Human,TAATCAGTGAATAGTTGAT
Human,ATGATCTCTGCTGCCAGTAG
Human,TTTTGCCCTTGCTACCCCAA
Human,TTTCCAGGTAGTGAAAAAC
Human,AAAGCTGCAAACTTCCTCA
Human,GTGTCTGGGCGGACAGCTGC
Human,TAACATGTCCATCTTTGAT
Human,TTTTCAAATAAAAGCTGCA
Human,GATGCCATCTCCTTCATCTCCTA
Human,CTGGCAGGGGGAGAGGTA
Human,TCTGTAGGACATAATGCTC
Human,ATTACATAACAGAATCCAGG
Human,TTTGTGAACTACAGTTGTT
Human,TGCCACTTCCCCACTAACCC
Human,GTAGAGGTCTCTGTTAAGGTTCTTGTGCGACATAG
Human,TCTCCTACTCTCAATGATACTTT
Human,TAATTTATATCTTTCAAGT
Human,TGCTATTGTCTTACTGCTACAGCAGGGCTGGGGATTGCAGTATCCGCTGTTGCTGCTGCTCCCAGTCCTGCCCCTGCTGCTACCTAGTCCAGCCTCACCGCATCCCAGA
Human,CCGGCCGCCGGCTCCGCCCCG
Human,GCCCAGAGAGGGGGCGGAGGG
Human,TTCCCTGCTGGGCTTGTAG
Human,ACCAGTGTTAGGTACAGAG
Human,ACTCGGCTGCGGTGGACAAGT
Human,GGGAAAAGGAAGGGGGAGGA
Human,GCAGGGACAGCAAAGGGGTGC
Human,TGAGTATCGATTTTCAAAT
Human,CCCAGCAATGGATCGATGCACGGCTGTCGGGGCCGACAGGCTGACCTTTACTGAGCTCAGGTTTTCATCTCCCTGTTGGGAGCCCAGGAAGGTCTTGCTGTGGAGAGAGGAACGGTGAGAAGCCTTGGCCTGCGAGGGGGAGAGGCTTGGCGTGGGTGCAGTGAAGACAGCTTCTGAGAGCTGAAAGCCCTTGGAGGTCACTTATTTCAATTTCTTCCAAACACACCACTTTTACAGATGAGAAAACTGAGACTTGGTGAGAAATGACTTGTCCAAGGTCACTCTAAGAGGCTTTGACACAGCTCCAGAATCCAGTGTGTGTGTATGTGTGTGTGTACACATCCAACATACATACATCTGTATATTATAAATATTATACATATTATTACGTATACATACACAGATACATTATATGCATGTGTACGTGTATATCGGGAGTGTCTATACATGTGTATTATGAAAGCCTGGCTGTGGCTACGTGTGATGCCGTGCCTGCGCTCACTCTGGTCGTCAACAGTTTGGTCCCGCAACATCCCGGGTAGCCGCCGATCCCTGAGCCACCAGGCATTTCATGCAGTTCTGCAAAGCCATGGAGAGGAGCTGAAGAAACCTCATGGTCCTTTTCAAATCGTTTCTTCCTCCTCCTCCTCTGCAAAGATTTTCTCTAAGCCCAGTTTGAATCCTTCAGAAACAGAACTTGGCTGCGAAGTCACTTTGAAAGACTTTCCATATGTTAATTGCAGCCGGCCAAGGTCTGGAGCAGAGGTGGGAGCCCACCATCTGCAGACGGGGTCGGCCCCCAGTGCGCTCTGCAAATCCCCGTCATCTGGCAGGTGTCGTTTTGGGTTAATTAAGAGCTATACTGAGCCCGTTTACCTGTCACTTCTGAGAATTTTAGGAAACTTTGACTTTCTTGCCATCTCTGAGCTTTGAGCGAAGGGGAAGCTGAAAACACCTCTGAATCTGGTGATGTTTCTGCCTCTGGGATCTCCAGGACAGCTGCATTAAGTGCATCTTATCATAACCCCTTTTTAAACTTTTTATTTTAATCAGTGTTCTCTAGTTAGTGCATTGGTTTTTACAGTCACGTCTTCTATATTGGAAGACAGTACTGTTTGGGGGAAACCCACCATTTGTCTGAAATTTCTTAAGGCTCTGCTTTCTCTCTGTGTCTTTGAGGAAACAGCATACATTCCTCTAGCTTTGTTCTGTGTAATGGCTTTGGAGAAACTTTGAATTTGCAGGTCAGGGGCTCTTTCACCCATTGGGGTTTGGGGCTGTCAGTGCTAACCTCAGAGCTCTATGTTCATGGAGGGATGACTCAGTTACATCCCCAGATAGCTGGGTTCTCGGTTGGTCAATAGGCCCCCTTCTTCAGTATGAGAGAATTTTCTCTCTGTGCTGTTGACAATGTTCTATTAATATATCTTGGTAGGGGTTTGGGTCACACAGATCTATGCATTTGTCAAAACACAGCAATAGCACATTTAAGATTTGTGTGTTTCATTATGTGTAAATTTTGTATCCAAAGAAAAAACTAGTAAACAAGTAATGAACTTCAGTTAATTGTATGCATGCTGAAGTACTTAGGGGAAAGTGTACTGATGTTTGCATTTACTTGGAAATGAAATACACATTAAGGTGAAAGAAAGGCTAGAGGGATGAAG
Human,ATAGAATACTGGGACAACG
Human,ATTTGATGACTGGGTTAAC
Human,ATGTGGCAGCTGCTCCTCCCAACTGCTCTGCTACTTCTAGTTTCAGCTGGCATGCGGACTGAAGATCTCCCAAAGGCTGTGGTGTTCCTGGAGCCTCAATGGTACAGGGTGCTCGAGAAGGACAGTGTGACTCTGAAGTGCCAGGGAGCCTACTCCCCTGAGGACAATTCCACACAGTGGTTTCACAATGAGAGCCTCATCTCAAGCCAGGCCTCGAGCTACTTCATTGACGCTGCCACAGTTGACGACAGTGGAGAGTACAGGTGCCAGACAAACCTCTCCACCCTCAGTGACCCGGTGCAGCTAGAAGTCCATATCGGCTGGCTGTTGCTCCAGGCCCCTCGGTGGGTGTTCAAGGAGGAAGACCCTATTCACCTGAGGTGTCACAGCTGGAAGAACACTGCTCTGCATAAGGTCACATATTTACAGAATGGCAAAGGCAGGAAGTATTTTCATCATAATTCTGACTTCTACATTCCAAAAGCCACACTCAAAGACAGCGGCTCCTACTTCTGCAGGGGGCTTGTTGGGAGTAAAAATGTGTCTTCAGAGACTGTGAACATCACCATCACTCAAGGTTTGTCAGTGTCAACCATCTCATCATTCTTTCCACCTGGGTACCAAGTCTCTTTCTGCTTGGTGATGGTACTCCTTTTTGCAGTGGACACAGGACTATATTTCTCTGTGAAGACAAACATTCGAAGCTCAACAAGAGACTGGAAGGACCATAAATTTAAATGGAGAAAGGACCCTCAAGACAAATGA
Human,AGTGGTGTGATCATGGCTTACTGCAGCCTCAACCTCCCAGATTCAAGTGATCCTCCTGCCTCAGCCTACCGAGTAGCTGGGACTACAGATGCATGCCATCACGCCTGACTAATTTTACCTTTTGTAGAGATGAGGTCCCTCTGTGTTGCCAAAGGTGGTCTAGAACTCCTGGGCTCAAATGATCCTCCCCCCTCCCTGGGCCTTCCAAAGTACTGGGATTACAGGTGTAAGCCAATGCACTCAGCCCCATGTTACTTAATAGAAAGGTTTTTCTTCCCCTTTTTCCTGCACCCTTTGCTGCTCTCACGGGGAATTTCTAGCATCTCTAAGCTCTGGTCTCCAGTCTGAGGAAGTTGTGCTGCCTGTATGTGACAAGAGAAATAAGATGTTGGCACATGAATAGGATGTTCGCCCTTTGGTGAACTAGAGCATGTGAGCCAATTCTTAAGCCAGATTTTTCAGCAGAGAACAATTGCAATTCACAATCACATTTTCCAGGCATGACTCATCCCTATAGTATACAATAATATGAAGAGAGGCTGGAAACCCCATGCTTGGCAAATACCAGTGCCCAGGCACTGCAAGCTTTCTTTTGTGGCAGATTTTTCATACAAACTGAGTCCATCAGTCTCAGAGTCCCATTCAATAACAAAAGAAGAAATAAATGGGGAGATTAACTGCTATTGGAAATGAAGGTGTTGAAAATGTAAACTAAACAAAGCAAAGCACCCCTTCACTCAGTTGGATCCTTCTAACATAGAATCAAACAGCCATCTAAAACCAACAGGAAAACCGGACCGAGGGTGGAGAGAAACCGTGTGGCACCATCAGGAGGTAACTCCCATGGTGAGGAGGAGTTTCCTGGCTCCCATTAGACTTTCATTTTAACCCTTATGATTTTTCCTTTTTTTTTTTTTTTTGTATTTACATCTTTTCTGCTGAACTAAAATGATAAACTCTGAGAGCAGAGATTAGATTAGAATCTTCTCAGCCTCTCCACAATTTTAAAAGCAGTGCTGGCCACAGGAAAAAAAAAAAAAGGTACTCAAAAAACACTTTTTTTGTTTGTGAATGACAATTTGAAATTGACTTTGAGAAATCTTGGCAGCCAAGAAAATGGCTGGAGAAGACTTTACAGCTTCCGAGAAGTAGGAGGATGCAGCAGGCTTCTGGAGGGTCAGGGGAGGAGCTGATCAACTGGAGGCGGGAGAGGGAGGCCATAGTGGGAGAGATGAAACGGGAAAGGAATACTAGCATTTTTTAAAAAGCATAAGGGGAACAAAGGGTGGATCTTTATTACAATAAAGTGGAGGCAGCCAGGGTACAAGGTACAAGTTTATGGAGGAAAAAAATGGCAAAATATAGGCCCAGTCTTCTGTCCTCCTCTCTGACAGGGAAGGGTATTGGATGTTCACTCTATGAAAAAGCAACATATTAAGTTAGTTGTTCTAGACAAGAAAAGTAGGAAAGATATTGTAGGAACCCTTTGCCCTCAAACACATATTGGCCCACCATTCTCAGAAGGCAATCTCAGCTGGCATGACAGAGCATCTGGTTGCAGAGGCTCTTGGGGACTGAGTGGCTGCTGAACGAACACCAGCCCCTCTCTTTGGCCCATGGGTAAAAGCAGCCACTGC
Human,CAAGAACTCAGTTCTCAATTCTT
Human,AGTTAGACATAAATCTCTACAAG
Human,TTCCCAGCCAACGCACCA
Human,TCGAAAGCCTTTCTAATTC
Human,TGGGGGTGGTCTCTAGCCAAGG
Human,CACATCCAAGAATGTAGTGG
Human,TACACGGAAAATGCATGATCGTT
Human,TCTTCATTTGCACTGATTC
Human,AGGAGTGACCAAAAGACAAGAGTGCGAGCCTTCTATTATGCCCAGACAGGGCCACCAGAGGGCTCCTTGGTCTAGGGGTAATGCCA
Human,ACAAGCAAATCACAGCTTCTTCG
Human,CGTACCAGGCTGCAGGGCGCC
Human,ACTGGGGAGCAGAAGGAGAACC
Human,AGGGCCAGAGGAGCCTGGAGTGG
Human,GCCGCACGTGTGGAAGGG
Human,GAAAGAGGCATGAGGACACCTTG
Human,TGGGGGGACAGATGGAGAGGACA
Human,TTCCGTCAGGCCCTCAATG
Human,CCTCCCTGCCCGCCTCTCTGCAG
Human,TCAAGCAGAAAGTTGTCAG
Human,GTGAGGCGGGGCCAGGAGGGTGTGT
Human,GCCGGGGCTTTGGGTGAGGG
Human,TTTCCTTGAAAGATCCATT
Human,ATGCAAACGCCATTTCTTATC
Human,TGAGCACCACACAGGCCGGGCGC
Human,TCACCTGGCTGGCCCGCCCAG
Human,AGGTGGGTATGGAGGAGCCCT
Human,GCGGGGCTGGGCGCGCG
Human,CCCTTGACTGTGCTGCCACC
Human,GGCTACAACACAGGACCCGGGC
Human,CTGTTAACCAAGTGCTAGC
Human,TGGCGGCGGTAGTTATGGGCTT
Human,CAGCCTGGGGAAGGCTTGGCAGGGAAGACACATGAGCAGTGCCTCCACTTCACGCCTCTCCCTTGTCTCCTTTCCCTAG
Human,GAATGGAAGAAGAAGGCGGTCGGTCTGCGGGAGCCAGGCCGCAGAGCCATCCGCCTTCTGTCCATGTC
Human,GTGGGTACGGCCCAGTGGGGGG
Human,AAACCCAACTTCAAAGAGT
Human,CACCGGGGATGGCAGAGGGTCG
Human,TTGTGTCCTGGGTTGAATA
Human,TTTCGTACGCCACCATGGGGTTTGGGCTGAGCTG
Human,ACCACTGCACTCCAGCCTGAG
Human,TCATAAAAGTTCACTTTAAAAAT
Human,GTGCCAGTGGCAGAGGAGTCCATTCAAGCTTAAGTT
Human,GGCGGGTGCGGGGGTGG
Human,AGCCAGACAAGAGGGTCATGGGGAGTCACTGTCAACCCAGAGCAGGCACTGCCCCTGCGACCAGCCTGGGGCATCGGTTGGGGTGCAGGGGTCTGCTGGTGATGCTTTCCATCTCTTTGCTTTGTCCTGATTGTAGC
Human,TTATTCTCCATTCATTTCAACGG
Human,CGAACAACCGTACAGAAAGGG
Human,TCCTGTACTGAGCTGCCCCGAG
Human,ACTCCCTTTGGGGAGGTGG
Human,TGGGGGAGATGGGGGTTGA
Human,GGGGCATATATCGAAAGCC
Human,GTGAAGGCCCGGCGGAGA
Human,TCCAAGTACTCTTAAAGCA
Human,AAGAATTACAAATTGAATT
Human,CGGGGCAGCTCAGTACAGGAT
Human,GGGGGCGGGAGCTGGGGTCTGCAGGTTCGCACTGATGCCTGCTCGCCCTGTCTCCCGCTAG
Human,CCAGAGGTGGGGACTGAG
Human,CCACACAAGGAAGCTGCAGG
Human,TGGGGCGGGGCAGGTCCCTGC
Human,ATGACTATGCTGAAATTGATTAT
Human,TGTACTGACAATGAGGTCA
Human,ATGGTCTTGTCTCCTGCCGATAAAACTAATGTAAAAGCTGCCTGGGGTAAAGTAGGTGCCCACGCCGGTGAATATCACGGTTCAGCACAAGTCAAGGGTCATGGTAAAAAGGTAGCCGACGCTTTGACCAATGCAGTTGCCCACGTCGATGACATGCCAAACGCTTTGTCCGCATTAAGTGATTTGCATGCTCACAAGTTGAGAGTAGACCCTGTTAACTTCAAGTTGTTGTCCCATTGTTTGTTAGTTACCTTAGCTGCACACTTGCCAGCCGAATTCACTCCTGCTGTCCATGCTTCTTTAGACAAGTTTTTAGCATCCGTTTCCACCGTTTTGACCTCCAAGTATAGATAA
Human,GCTGGCGTCGGTGCTGGGGAGCGGCCCCCGGGTGGGCCTCTGCTCTGGCCCCTCCTGGGGCCCGCACTCTCGCTCTGGGCCCGC
Human,GATACAGCCACAAAGCTCAC
Human,CCGGGAGAAGGAGGTGGCCTGG
Human,AGCAGGGCTGGGGATTGCA
Human,TAGGATGGGGGTGAGAGGTG
Human,AGGGGGCGGGCTCCGGCG
Human,CAACAGAGTTACAGTACCCCTCCGATCACC
Human,GCCCCGGCGCGGGCGGGTTCTGG
Human,CAAATATCCGGAATCGTAC
Human,TGTCTTTATGCTGAAGATT
Human,TCTGATAGCCATTTGATGA
Human,AGCCGCGGGGATCGCCGAGGG
Human,CGGCTCTGGGTCTGTGGGGA
Human,GAAGTCAACTCTTCTTTCACCTC
Human,ACTGGAGGGAATCGAATTC
Human,ACCCCACTCCTGGTACC
Human,CGGGCGTGGTGGTGGGGG
Human,TGGGCGAGGGCGGCTGAGCGGC
Human,CGGGAATGCCGCGGCGGGGACGGCGATTGGTCCGTATGTGTGGTGCCACCGGCCGCCGGCTCCGCCCCGGCCCCCGCCCC
Human,AGGCGGGGCGCCGCGGGACCGC
Human,GGGGAGCGAGGGGCGGGGC
Human,TTTAATTTTTTCTTCAGTT
Human,AATCGAATTCAGTTGCAGA
Human,AGGCTGGGCTGGGACGGA
Human,TGAGGGGCCTCAGACCGAGCTTTT
Human,GCCCACAATCAGCTTCTAC
Human,GAGGGTTGGGTGGAGGCTCTCC
Human,AGGGACGGGACGCGGTGCAGTG
Human,GTGAGTGGGGCTCCCGGGACGGCGCCCGCCCTGGCCCTGGCCCGGCGACGTCTCACGGTCCC
Human,ATGTACTGTAGCCAAGCCA
Human,AGCCACAATAAAGAATTAC
